{"cameraMode":{"drawMode":0,"name":"Shaded","section":"Shading Mode"},"sceneLighting":true,"audioPlay":false,"sceneViewState":{"m_AlwaysRefresh":false,"showFog":false,"showSkybox":false,"showFlares":false,"showImageEffects":false,"showParticleSystems":false,"showVisualEffectGraphs":true,"m_FxEnabled":true},"in2DMode":false,"pivot":{"x":-12.727583885192871,"y":4.053936004638672,"z":-2.367007255554199},"rotation":{"x":-0.0006249879370443523,"y":-0.6886714696884155,"z":0.0006438820855692029,"w":-0.7251635193824768},"size":0.2598072290420532,"orthographic":false}